doc_id,document_title,source,document_family,act_type,article_label,article_code,requirement_no,req_type,requirement_text,status,confidence,citation_ref,citation_snippet
a081cb3c-d614-4a26-856b-bf3c606c7909,Loi n° 96-41,upload_ui,REGLEMENTAIRE,LOI,Art. 2,2,1,OBLIGATION,Les déchets dont la liste est fixée.,TO_VALIDATE,0.8100000023841858,Art. 2 (p.1-1),Les déchets dont la liste est fixée.
a081cb3c-d614-4a26-856b-bf3c606c7909,Loi n° 96-41,upload_ui,REGLEMENTAIRE,LOI,Art. 2,2,2,OBLIGATION,Toutes les opérations visant l'élimination définitive des déchets doivent être réalisées conformément à des conditions assurant la prévention des risques pour la santé de l'homme et sans faire usage de méthodes et de moyens pouvant causer un dommage à l'environnement.,TO_VALIDATE,0.75,Art. 2 (p.1-1),Toutes les opérations visant l'élimination définitive des déchets doivent être réalisées conformément à des conditions assurant la prévention des risques pour la santé de l'homme et sans faire usage de méthodes et de moyens pouvant causer un dommage à l'environnement.
a081cb3c-d614-4a26-856b-bf3c606c7909,Loi n° 96-41,upload_ui,REGLEMENTAIRE,LOI,Art. 4,4,3,OBLIGATION,"Toute personne dont l'activité produit des déchets ou qui détient des déchets dans des conditions susceptibles d'avoir des effets négatifs sur le sol, la flore ou la faune, de causer la dégradation des sites et des paysages ou de polluer l'air ou l'eau ou d'engendrer des nuisances sonores ou des odeurs et d'une manière générale, de porter atteinte à la santé publique ou à l'environnement est tenue de les éliminer conformément aux dispositions de la présente loi et dans des conditions permettant d'éviter les effets sus-indiqués.",TO_VALIDATE,0.6499999761581421,Art. 4 (p.1-1),"Toute personne dont l'activité produit des déchets ou qui détient des déchets dans des conditions susceptibles d'avoir des effets négatifs sur le sol , la flore ou la faune, de causer la dégradation des sites et des paysages ou de polluer l'air ou l'eau ou d'engendrer des nuisances sonores ou des odeurs et d'une manière générale"
a081cb3c-d614-4a26-856b-bf3c606c7909,Loi n° 96-41,upload_ui,REGLEMENTAIRE,LOI,Art. 5,5,4,CONDITION,"En cas de mise au rebut, dépôt ou rejet dans le milieu naturel sans respecter les normes en vigueur ou en cas de traitement des déchets contraire aux conditions fixées par la loi et ses textes d'application.",TO_VALIDATE,0.8999999761581421,Art. 5 (p.1-1),"En cas de mise au rebut de déchets, de leur dépôt ou de leur rejet dans le milieu naturel sans respecter les normes en vigueur et en cas de traitement des déchets d'une manière contraire aux conditions fixées par la présente loi et les textes pris pour son application"
a081cb3c-d614-4a26-856b-bf3c606c7909,Loi n° 96-41,upload_ui,REGLEMENTAIRE,LOI,Art. 5,5,5,CONDITION,"Les autorités compétentes se chargent de l'élimination des déchets polluants sans mise en demeure et sans délai, dans le cas où la pollution présente un danger nécessitant l'intervention urgente ainsi que dans les cas où le contrevenant est inconnu.",TO_VALIDATE,0.8500000238418579,Art. 5 (p.1-1),"Dans le cas où la pollution présente un danger nécessitant l'intervention urgente ainsi que dans les cas où le contrevenant est inconnu, les autorités compétentes se chargent de l'élimination des déchets polluants sans mise en demeure et sans délai."
a081cb3c-d614-4a26-856b-bf3c606c7909,Loi n° 96-41,upload_ui,REGLEMENTAIRE,LOI,Art. 6,6,6,RESPONSABILITE,Toute personne répond de la responsabilité du fait du dommage causé à autrui par des rejets de déchets qui étaient en sa possession ou qui proviennent des activités qu'elle entreprend ou des produits qu'elle fabrique.,TO_VALIDATE,0.75,Art. 6 (p.1-1),Les dispositions de la présente loi n'exonérent pas de la responsabilité qui incombe à toute personne du fait du dommage causé à autrui par des rejets de déchets qui étaient en sa possession ou qui proviennent des activités qu'elle entreprend ou des produits qu'elle fabrique.
a081cb3c-d614-4a26-856b-bf3c606c7909,Loi n° 96-41,upload_ui,REGLEMENTAIRE,LOI,Art. 7,7,7,INTERDICTION,"L'incinération des déchets en plein air est interdite, à l'exception des déchets de végétaux.",DRAFT,0.8999999761581421,Art. 7 (p.1-1),"L'incinération des déchets en plein air et leur utilisation comme combustible sont interdites, à l'exception des déchets de végétaux."
a081cb3c-d614-4a26-856b-bf3c606c7909,Loi n° 96-41,upload_ui,REGLEMENTAIRE,LOI,Art. 7,7,8,INTERDICTION,Les opérations d'élimination par incinération doivent avoir lieu dans des établissements autorisés.,DRAFT,0.8999999761581421,Art. 7 (p.1-1),Les opérations d'élimination par incinération ne doivent avoir lieu que dans des établissements autorisés conformément aux dispositions de la présente loi.
a081cb3c-d614-4a26-856b-bf3c606c7909,Loi n° 96-41,upload_ui,REGLEMENTAIRE,LOI,Art. 8,8,9,CONDITION,"Toute personne dont l'activité produit des déchets ou qui détient des déchets dans des conditions susceptibles d'avoir des effets négatifs sur le sol, la flore ou la faune, de causer la dégradation des sites et des paysages, de polluer l'air ou l'eau, d'engendrer des nuisances sonores ou des odeurs, ou de porter atteinte à la santé publique ou à l'environnement est soumise à ces conditions.",TO_VALIDATE,0.6499999761581421,Art. 8 (p.1-1),"Toute personne dont l'activité produit des déchets ou qui détient des déchets dans des conditions susceptibles d'avoir des effets négatifs sur le sol , la flore ou la faune, de causer la dégradation des sites et des paysages ou de polluer l'air ou l'eau ou d'engendrer des nuisances sonores ou des odeurs et d'une manière générale, de porter atteinte à la santé publique ou à l'environnement"
a081cb3c-d614-4a26-856b-bf3c606c7909,Loi n° 96-41,upload_ui,REGLEMENTAIRE,LOI,Art. 8,8,10,INTERDICTION,Il est interdit d'incinérer les déchets en plein air et de les utiliser comme combustible.,TO_VALIDATE,0.8399999737739563,Art. 8 (p.1-1),"L'incinération des déchets en plein air et leur utilisation comme combustible sont interdites, à l'exception des déchets de végétaux."
a081cb3c-d614-4a26-856b-bf3c606c7909,Loi n° 96-41,upload_ui,REGLEMENTAIRE,LOI,Art. 8,8,11,INTERDICTION,"L'incinération des déchets en plein air et leur utilisation comme combustible sont interdites, à l'exception des déchets de végétaux.",TO_VALIDATE,0.8999999761581421,Art. 8 (p.1-1),"L'incinération des déchets en plein air et leur utilisation comme combustible sont interdites, à l'exception des déchets de végétaux."
a081cb3c-d614-4a26-856b-bf3c606c7909,Loi n° 96-41,upload_ui,REGLEMENTAIRE,LOI,Art. 8,8,12,INTERDICTION,Il est interdit d'effectuer des opérations d'élimination des déchets en plein air et de les utiliser comme combustible.,TO_VALIDATE,0.8399999737739563,Art. 8 (p.1-1),Il est interdit d'effectuer des opérations d'élimination des déchets en plein air et de les utiliser comme combustible.
a081cb3c-d614-4a26-856b-bf3c606c7909,Loi n° 96-41,upload_ui,REGLEMENTAIRE,LOI,Art. 9,9,13,OBLIGATION,"Le producteur, le distributeur ou le transporteur doit récupérer les déchets engendrés par les matières ou par les produits qu'ils produisent ou écoulent.",TO_VALIDATE,0.75,Art. 9 (p.1-1),"Est mise à la charge du producteur, du distributeur ou du transporteur l'obligation de récupérer les déchets engendrés par les matières ou par les produits qu'ils produisent ou écoulent."
a081cb3c-d614-4a26-856b-bf3c606c7909,Loi n° 96-41,upload_ui,REGLEMENTAIRE,LOI,Art. 9,9,14,OBLIGATION,Les autorités compétentes peuvent obliger éliminer ces déchets.,TO_VALIDATE,0.6499999761581421,Art. 9 (p.1-1),Les autorités compétentes peuvent les obliger à éliminer ces déchets et le cas échéant.
a081cb3c-d614-4a26-856b-bf3c606c7909,Loi n° 96-41,upload_ui,REGLEMENTAIRE,LOI,Art. 9,9,15,OBLIGATION,"Les autorités compétentes peuvent participer à des systèmes de récupération et d'élimination des déchets provenant d'autres produits identiques ou similaires, le cas échéant.",DRAFT,0.8500000238418579,Art. 9 (p.1-1),"Les autorités compétentes peuvent les obliger à éliminer ces déchets et le cas échéant, à participer à des systèmes de récupération et d'élimination des déchets provenant d'autres produits identiques ou similaires."
a081cb3c-d614-4a26-856b-bf3c606c7909,Loi n° 96-41,upload_ui,REGLEMENTAIRE,LOI,Art. 11,11,16,OBLIGATION,"Le ministre chargé de l'environnement doit prescrire l'utilisation de certaines matières pour la fabrication d'emballages, en fonction de la nature du produit et de ses caractéristiques.",TO_VALIDATE,0.75,Art. 11 (p.2-2),"Le ministre chargé de l'environnement doit prescrire l'utilisation de certaines matières pour la fabrication d'emballages, en fonction de la nature du produit et de ses caractéristiques."
a081cb3c-d614-4a26-856b-bf3c606c7909,Loi n° 96-41,upload_ui,REGLEMENTAIRE,LOI,Art. 11,11,17,OBLIGATION,"Le ministre chargé de l'environnement doit prescrire l'utilisation de matières déterminées dans la fabrication, le conditionnement ou l'emballage de certains produits.",TO_VALIDATE,0.800000011920929,Art. 11 (p.2-2),"Le ministre chargé de l'environnement doit prescrire l'utilisation de matières déterminées dans la fabrication, le conditionnement ou l'emballage de certains produits."
a081cb3c-d614-4a26-856b-bf3c606c7909,Loi n° 96-41,upload_ui,REGLEMENTAIRE,LOI,Art. 12,12,18,OBLIGATION,"Les professionnels doivent mettre en place des systèmes de reprise, de valorisation ou de réutilisation des déchets d'emballage, de leur propre gré ou sur initiative des autorités compétentes.",TO_VALIDATE,0.75,Art. 12 (p.2-2),"Les professionnels mettent en place, de leur propre gré ou sur initiative des autorités compétentes, des systèmes de reprise des déchets d'emballage, de leur valorisation ou de leur réutilisation."
a081cb3c-d614-4a26-856b-bf3c606c7909,Loi n° 96-41,upload_ui,REGLEMENTAIRE,LOI,Art. 12,12,19,OBLIGATION,"Les producteurs et les importateurs sont tenus d'adhérer tout système créé de collecte, de transformation ou de valorisation de catégories déterminées de déchets d'emballage.",DRAFT,0.8500000238418579,Art. 12 (p.2-2),"Les producteurs et les importateurs sont tenus d'adhérer à tout système créé de collecte, de transformation ou de valorisation de catégories déterminées de déchets d'emballage."
a081cb3c-d614-4a26-856b-bf3c606c7909,Loi n° 96-41,upload_ui,REGLEMENTAIRE,LOI,Art. 12,12,20,OBLIGATION,Les autorités compétentes peuvent prescrire la livraison des déchets d'emballage ou de tous autres déchets.,TO_VALIDATE,0.8500000238418579,Art. 12 (p.2-2),Les autorités compétentes peuvent prescrire la livraison de ces déchets ou de tous autres déchets aux établissements ou aux services qu'elles désignent et selon les conditions qu'elles fixent.
a081cb3c-d614-4a26-856b-bf3c606c7909,Loi n° 96-41,upload_ui,REGLEMENTAIRE,LOI,Art. 12,12,21,EXCEPTION,Les autorités compétentes peuvent prescrire la livraison de ces déchets ou de tous autres déchets aux établissements ou aux services qu'elles désignent selon les conditions qu'elles fixent.,TO_VALIDATE,0.6499999761581421,Art. 12 (p.2-2),Les autorités compétentes peuvent prescrire la livraison de ces déchets ou de tous autres déchets aux établissements ou aux services qu'elles désignent et selon les conditions qu'elles fixent .
a081cb3c-d614-4a26-856b-bf3c606c7909,Loi n° 96-41,upload_ui,REGLEMENTAIRE,LOI,Art. 17,17,22,OBLIGATION,"Une seule décharge peut recevoir plusieurs catégories de déchets à condition que les opérations d'élimination spécifiques à chacune de ces catégories soient exécutées dans des compartiments du site séparées les uns des autres et que chaque compartiment réponde aux régles et exigences spécifiques à la catégorie de décharges concernée. Une décharge peut aussi être réservée à un seul type de déchets qui se ressemblent de par leur origine, leur composition et les caractéristiques de leur lixiviat.",DRAFT,0.8999999761581421,Art. 17 (p.2-2),Une seule décharge peut recevoir plusieurs catégories de déchets à condition que les opérations d'élimination spécifiques à chacune de ces catégories soient exécutées dans des compartiments du site séparées les uns des autres et que chaque compartiment réponde aux régles et exigences spécifiques à la catégorie de décharges concernée
a081cb3c-d614-4a26-856b-bf3c606c7909,Loi n° 96-41,upload_ui,REGLEMENTAIRE,LOI,Art. 17,17,23,CONDITION,"L'ouverture de décharges et de centres de collecte, de tri et de recyclage est soumise à l'autorisation du ministre chargé de l'environnement, après accomplissement des procédures d'approbation de l'étude d'impact conformément aux réglements en vigueur et après avis de la collectivité locale concernée et des services compétents du ministère de la santé. L'autorisation indique les types de déchets qui pourront être acceptés et ceux qui devront être refusés, les règles spécifiques aux opérations de conditionnement et d'élimination, les procédures de contrôle, ainsi que les opérations d'évacuation du site et de son réaménagement.",TO_VALIDATE,0.8500000238418579,Art. 17 (p.2-2),"L'ouverture de décharges et de centres de collecte, de tri et de recyclage est soumise à l'autorisation du ministre chargé de l'environnement, après accomplissement des procédures d'approbation de l'étude d'impact conformément aux réglements en vigueur et après avis de la collectivité locale concernée et des services compétents du ministère de la santé"
a081cb3c-d614-4a26-856b-bf3c606c7909,Loi n° 96-41,upload_ui,REGLEMENTAIRE,LOI,Art. 17,17,24,CONTROLE,"Les conditions d'autorisation pour l'ouverture de décharges, les règles générales devant être respectées dans l'aménagement des catégories de décharges et les conditions de leur gestion et de leur contrôle seront fixées .",TO_VALIDATE,0.6499999761581421,Art. 17 (p.2-2),"Les conditions d'autorisation pour l'ouverture de décharges, les règles générales devant être respectées dans l'aménagement des catégories de décharges et les conditions de leur gestion et de leur contrôle seront fixées ."
a081cb3c-d614-4a26-856b-bf3c606c7909,Loi n° 96-41,upload_ui,REGLEMENTAIRE,LOI,Art. 19,19,25,OBLIGATION,"Le ministère chargé de l'environnement élabore en coordination avec les ministères et les collectivités locales concernés des plans fixant les conditions dans lesquelles seront effectuées les opérations de collecte et d'élimination des ordures ménagères. Lors de l'examen des demandes d'agrément des installations de traitement et d'élimination des déchets, il sera tenu compte des dispositions du plan spécifique à chaque zone, ainsi que des objectifs qu'il fixe afin de garantir le niveau de rentabilité maximum aux entreprises publiques et privées d'élimination des déchets.",TO_VALIDATE,0.699999988079071,Art. 19 (p.2-2),Le ministère chargé de l'environnement élabore en coordination avec les ministères et les collectivités locales concernés des plans fixant les conditions dans lesquelles seront effectuées les opérations de collecte et d'élimination des ordures ménagères. Lors de l'examen des demandes d'agrément des installations de traitement et d'élimination des déchets
a081cb3c-d614-4a26-856b-bf3c606c7909,Loi n° 96-41,upload_ui,REGLEMENTAIRE,LOI,Art. 20,20,26,OBLIGATION,Les collectivités locales et les groupements de communes doivent assurer la gestion des déchets ménagers.,TO_VALIDATE,0.75,Art. 20 (p.2-2),Les collectivités locales et les groupements de communes qui se constituent entre elles sont chargés de la gestion des déchets ménagers.
a081cb3c-d614-4a26-856b-bf3c606c7909,Loi n° 96-41,upload_ui,REGLEMENTAIRE,LOI,Art. 20,20,27,EXCEPTION,"Les collectivités locales et les groupements de communes peuvent confier les opérations ou les installations de collecte, d'élimination et de traitement des déchets ménagers à des entreprises publiques ou privées sous forme de sous-traitance ou de concession.",DRAFT,0.8500000238418579,Art. 20 (p.2-2),"Les collectivités locales et les groupements de communes qui se constituent entre elles sont chargés de la gestion des déchets ménagers. Elles peuvent confier les opérations ou les installations de collecte, d'élimination et de traitement des déchets ménagers à des entreprises publiques ou privées sous forme de"
a081cb3c-d614-4a26-856b-bf3c606c7909,Loi n° 96-41,upload_ui,REGLEMENTAIRE,LOI,Art. 21,21,28,OBLIGATION,"Les collectivités locales peuvent se charger de l'élimination d'autres déchets qui, eu égard à leurs caractéristiques ou volume.",TO_VALIDATE,0.8500000238418579,Art. 21 (p.2-3),"Les collectivités locales peuvent se charger de l'élimination d'autres déchets qui, eu égard à leurs caractéristiques ou volume"
a081cb3c-d614-4a26-856b-bf3c606c7909,Loi n° 96-41,upload_ui,REGLEMENTAIRE,LOI,Art. 21,21,29,OBLIGATION,Les collectivités locales peuvent être collectés et traités sans contraintes techniques particulières moyennant une redevance supplémentaire dont la valeur est fixée comme en matière de redevance pour services publics payants.,TO_VALIDATE,0.8500000238418579,Art. 21 (p.2-3),"Les collectivités locales peuvent se charger de l'élimination d'autres déchets qui, eu égard à leurs caractéristiques ou volume, peuvent être collectés et traités sans contraintes techniques particulières et ce, moyennant une redevance supplémentaire dont la valeur est fixée"
a081cb3c-d614-4a26-856b-bf3c606c7909,Loi n° 96-41,upload_ui,REGLEMENTAIRE,LOI,Art. 21,21,30,OBLIGATION,Tout système à créer doit être approuvé le système.,TO_VALIDATE,0.699999988079071,Art. 21 (p.2-3),"Ces systèmes peuvent être conçus sur la base de la consigne obligatoire des emballages, et tout système à créer doit être approuvé ."
a081cb3c-d614-4a26-856b-bf3c606c7909,Loi n° 96-41,upload_ui,REGLEMENTAIRE,LOI,Art. 21,21,31,INTERDICTION,L'utilisation de produits recyclés est interdite la fabrication d'emballages destinés à contenir directement des produits alimentaires.,DRAFT,0.8999999761581421,Art. 21 (p.2-3),L'utilisation de produits recyclés dans la fabrication d'emballages déstinés à contenir directement des produits alimentaires est strictement interdite
a081cb3c-d614-4a26-856b-bf3c606c7909,Loi n° 96-41,upload_ui,REGLEMENTAIRE,LOI,Art. 21,21,32,OBLIGATION,Tout système à créer doit être approuvé.,TO_VALIDATE,0.699999988079071,Art. 21 (p.2-3),"Ces systèmes peuvent être conçus sur la base de la consigne obligatoire des emballages, et tout système à créer doit être approuvé ."
a081cb3c-d614-4a26-856b-bf3c606c7909,Loi n° 96-41,upload_ui,REGLEMENTAIRE,LOI,Art. 21,21,33,INTERDICTION,"Il est interdit utiliser des produits recyclés dans la fabrication d'emballages destinés à contenir directement des produits alimentaires, sauf autorisation préalable du Ministre chargé de la Santé Publique après avis du Ministre chargé de l'Environnement.",DRAFT,0.8399999737739563,Art. 21 (p.2-3),"L'utilisation de produits recyclés dans la fabrication d'emballages déstinés à contenir directement des produits alimentaires est strictement interdite, sauf autorisation préalable du Ministre chargé de la Santé Publique après avis du Ministre chargé de l'Environnement."
a081cb3c-d614-4a26-856b-bf3c606c7909,Loi n° 96-41,upload_ui,REGLEMENTAIRE,LOI,Art. 14,14,34,INTERDICTION,"La réutilisation d'emballages de produits chimiques pour contenir des produits alimentaires est interdite et sont obligatoirement apposés sur les emballages de produits chimiques des signaux apparants avertissant des risques qui menacent la santé de l'homme du fait de la réutilisation de ces emballages pour le stokcage de produits alimentaires. Un arrêté conjoint des ministres chargés de l'environnement, de l'industrie et de la santé publique fixera les conditions d'application de cet article ainsi que les poduits chimiques emballés soumis à cette obligation.",TO_VALIDATE,0.8999999761581421,Art. 14 (p.2-2),La réutilisation d'emballages de produits chimiques pour contenir des produits alimentaires est interdite et sont obligatoirement apposés sur les emballages de produits chimiques des signaux apparants avertissant des risques qui menacent la santé de l'homme du fait de la réutilisation de ces emballages pour le stokcage de produits alimentaires
a081cb3c-d614-4a26-856b-bf3c606c7909,Loi n° 96-41,upload_ui,REGLEMENTAIRE,LOI,Art. 15,15,35,AUTRE,Les autorités compétentes peuvent adopter des règlements portant création de systèmes d'attribution de labels écologiques aux produits et marchandises justifiant des plus hauts niveaux de qualification du point de vue de la protection de l'environnement.,TO_VALIDATE,0.800000011920929,Art. 15 (p.2-3),Les autorités compétentes peuvent par arrêté adopter des règlements portant création de systèmes d'attribution de labels écologiques aux produits et marchandises qui justifient des plus hauts niveaux de qualification du point de vue de la protection de l'environnement
a081cb3c-d614-4a26-856b-bf3c606c7909,Loi n° 96-41,upload_ui,REGLEMENTAIRE,LOI,Art. 15,15,36,EXCEPTION,Les autorités compétentes peuvent adopter des règlements portant création de systèmes d'attribution de labels écologiques.,DRAFT,0.8500000238418579,Art. 15 (p.2-3),"Les autorités compétentes peuvent par arrêté adopter des règlements portant création de systèmes d'attribution de labels écologiques aux produits et marchandises qui justifient des plus hauts niveaux de qualification du point de vue de la protection de l'environnement, qui"
a081cb3c-d614-4a26-856b-bf3c606c7909,Loi n° 96-41,upload_ui,REGLEMENTAIRE,LOI,Art. 15,15,37,OBLIGATION,Ces règlements fixent les conditions et les procédures d'attribution des labels écologiques et les critères spécifiques à chacune des catégories de produit.,TO_VALIDATE,0.8500000238418579,Art. 15 (p.2-3),Ces réglements fixent les conditions et les procédures d'attribution des labels écologiques et les critères spécifiques à chacune des catégories de produit.
a081cb3c-d614-4a26-856b-bf3c606c7909,Loi n° 96-41,upload_ui,REGLEMENTAIRE,LOI,Art. 28,28,38,REGISTRE,"Les établissements et entreprises visées dans l'article précédent doivent tenir un registre dans lequel sont consignés successivement les quantités de déchets, leur nature et leur origine, le cas échéant leur destination, la périodicité des opérations de leur collecte.",TO_VALIDATE,0.75,Art. 28 (p.3-3),"Les établissements et entreprises visées dans l'article précédent tiennent obligatoirement un registre dans lequel sont consignés successivement les quantités de déchets, leur nature et leur origine et, le cas échant, leur destination, la périodicité des opérations de leur collecte"
a081cb3c-d614-4a26-856b-bf3c606c7909,Loi n° 96-41,upload_ui,REGLEMENTAIRE,LOI,Art. 28,28,39,REGISTRE,Le registre doit être conforme à un modèle numéroté et paraphé par les services du ministère chargé de l'environnement.,TO_VALIDATE,0.8999999761581421,Art. 28 (p.3-3),Ce registre doit être conforme à un modèle numéroté et paraphé par les services du ministère chargé de l'environnement et présenté pour consultation à toute réquisition des autorités compétentes en matière de protection de l'environnement.
a081cb3c-d614-4a26-856b-bf3c606c7909,Loi n° 96-41,upload_ui,REGLEMENTAIRE,LOI,Art. 28,28,40,REGISTRE,Le registre doit être présenté pour consultation à toute réquisition des autorités compétentes en matière de protection de l'environnement.,DRAFT,0.8999999761581421,Art. 28 (p.3-3),Ce registre doit être conforme à un modèle numéroté et paraphé par les services du ministère chargé de l'environnement et présenté pour consultation à toute réquisition des autorités compétentes en matière de protection de l'environnement.
a081cb3c-d614-4a26-856b-bf3c606c7909,Loi n° 96-41,upload_ui,REGLEMENTAIRE,LOI,Art. 28,28,41,REGISTRE,"Le registre doit consigner les quantités de déchets, leur nature, leur origine, leur destination le cas échéant, la périodicité des opérations de collecte, leur moyen de transport et leur mode de traitement, d'élimination ou de valorisation.",DRAFT,0.8999999761581421,Art. 28 (p.3-3),"Le registre doit consigner les quantités de déchets, leur nature, leur origine, leur destination le cas échéant, la périodicité des opérations de collecte, leur moyen de transport et leur mode de traitement, d'élimination ou de valorisation."
a081cb3c-d614-4a26-856b-bf3c606c7909,Loi n° 96-41,upload_ui,REGLEMENTAIRE,LOI,Art. 28,28,42,REGISTRE,Ce registre doit être conforme à un modèle numéroté et paraphé par les services du ministère chargé de l'environnement et présenté pour consultation à toute réquisition des autorités compétentes en matière de protection de l'environnement.,TO_VALIDATE,0.8999999761581421,Art. 28 (p.3-3),Ce registre doit être conforme à un modèle numéroté et paraphé par les services du ministère chargé de l'environnement et présenté pour consultation à toute réquisition des autorités compétentes en matière de protection de l'environnement.
a081cb3c-d614-4a26-856b-bf3c606c7909,Loi n° 96-41,upload_ui,REGLEMENTAIRE,LOI,Art. 29,29,43,OBLIGATION,"L'opération d'élimination des déchets doit avoir lieu selon des conditions susceptibles de faciliter la récupération, la transformation et la valorisation de la plus grande proportion de déchets.",DRAFT,0.8999999761581421,Art. 29 (p.3-3),"L'opération d'élimination des déchets doit avoir lieu selon les conditions susceptibles de faciliter la récupération, la transformation et la valorisation de la plus grande proportion de déchets dont notamment, les éléments non dégradables et les matières pouvant être valorisées."
a081cb3c-d614-4a26-856b-bf3c606c7909,Loi n° 96-41,upload_ui,REGLEMENTAIRE,LOI,Art. 29,29,44,OBLIGATION,"Avoir lieu selon les conditions susceptibles de faciliter la récupération, la transformation et la valorisation de la plus grande proportion de déchets dont notamment, les éléments non dégradables et les matières pouvant être valorisées. Des règlements peuvent être pris pour arrêter les modes de fabrication.",TO_VALIDATE,0.8500000238418579,Art. 29 (p.3-3),"L'opération d'élimination des déchets doit avoir lieu selon les conditions susceptibles de faciliter la récupération, la transformation et la valorisation de la plus grande proportion de déchets dont notamment, les éléments non dégradables et les matières pouvant être valorisées. Des règlements peuvent être pris pour arrêter les modes de"
a081cb3c-d614-4a26-856b-bf3c606c7909,Loi n° 96-41,upload_ui,REGLEMENTAIRE,LOI,Art. 29,29,45,OBLIGATION,Ces règlements peuvent interdire certains traitements et certaines formes de mélange et de jonctions avec d'autres matières.,TO_VALIDATE,0.8500000238418579,Art. 29 (p.3-3),Ces réglements peuvent interdire certains traitements et certaines formes de mélange et de jonctions avec d'autres matières.
a081cb3c-d614-4a26-856b-bf3c606c7909,Loi n° 96-41,upload_ui,REGLEMENTAIRE,LOI,Art. 29,29,46,OBLIGATION,Les règlements doivent définir les catégories de matières et d'éléments ajoutés dans certaines fabrications pour faciliter les opérations de récupération et de valorisation.,TO_VALIDATE,0.699999988079071,Art. 29 (p.3-3),Des règlements peuvent déterminer les catégories de matières et d'éléments qui s'ajoutent dans certaines fabrications pour faciliter les opérations de récupération et de valorisation.
a081cb3c-d614-4a26-856b-bf3c606c7909,Loi n° 96-41,upload_ui,REGLEMENTAIRE,LOI,Art. 30,30,47,OBLIGATION,"Les règlements sont fixés par des décrets pris sur proposition du ministre chargé de l'environnement, après avis des ministres chargés de l'Industrie et du Commerce.",TO_VALIDATE,0.8500000238418579,Art. 30 (p.3-3),"Ces règlements sont fixés par des décrets pris sur proposition du ministre chargé de l'environnement, après avis des ministres chargés de l'Industrie et du Commerce."
a081cb3c-d614-4a26-856b-bf3c606c7909,Loi n° 96-41,upload_ui,REGLEMENTAIRE,LOI,Art. 30,30,48,CONDITION,"Les règlements peuvent prévoir des incitations et des encouragements à certaines catégories de professionnels en vue de l'utilisation de proportions minimales de matières valorisées, recyclées ou récupérées, à condition que ces matières soient conformes aux normes de qualité.",TO_VALIDATE,0.8500000238418579,Art. 30 (p.3-3),"Dans un but de protection de l'environnment, les règlements visés à l'article 29 de la présente loi peuvent prévoir des incitations et des encouragements à certaines catégories de professionnels en vue de l'utilisation dans la fabrication d'un produit déterminé ou d'une catégorie de produits"
a081cb3c-d614-4a26-856b-bf3c606c7909,Loi n° 96-41,upload_ui,REGLEMENTAIRE,LOI,Art. 22,22,49,INTERDICTION,Le service municipal ou les personnes autorisées à gérer des entreprises d'élimination et de recyclage ne peuvent pas recevoir des catégories de déchets.,TO_VALIDATE,0.8500000238418579,Art. 22 (p.3-3),Le service municipal ou les personnes autorisées à gérer des entreprises d'élimination et de recyclage ne peuvent pas recevoir des catégories de déchets.
a081cb3c-d614-4a26-856b-bf3c606c7909,Loi n° 96-41,upload_ui,REGLEMENTAIRE,LOI,Art. 22,22,50,OBLIGATION,Le service municipal ou les personnes autorisées à gérer des entreprises d'élimination et de recyclage doivent recevoir les catégories de déchets.,TO_VALIDATE,0.8999999761581421,Art. 22 (p.3-3),Le service municipal ou les personnes autorisées à gérer des entreprises d'élimination et de recyclage doivent recevoir les catégories de déchets.
a081cb3c-d614-4a26-856b-bf3c606c7909,Loi n° 96-41,upload_ui,REGLEMENTAIRE,LOI,Art. 22,22,51,OBLIGATION,"Les exploitants des décharges de déchets et des centres de collecte, de tri et de stockage sont tenus de réaménager le site et de le remettre dans son état initial lors de la fermeture de ces installations.",DRAFT,0.8999999761581421,Art. 22 (p.3-3),"Lors de la fermeture des décharges de déchets et des centres de collecte, de tri et de stockage, leurs exploitants sont tenus de réaménager le site et de le remettre dans son état initial de façon à éviter toutes pollution ou nuisance à la santé publique et à l'environnement"
a081cb3c-d614-4a26-856b-bf3c606c7909,Loi n° 96-41,upload_ui,REGLEMENTAIRE,LOI,Art. 22,22,52,OBLIGATION,Les exploitants doivent réaménager le site et le remettre dans son état initial de façon à éviter toute pollution ou nuisance à la santé publique et à l'environnement.,DRAFT,0.8999999761581421,Art. 22 (p.3-3),"Lors de la fermeture des décharges de déchets et des centres de collecte, de tri et de stockage, leurs exploitants sont tenus de réaménager le site et de le remettre dans son état initial de façon à éviter toutes pollution ou nuisance à la santé publique et à l'environnement"
a081cb3c-d614-4a26-856b-bf3c606c7909,Loi n° 96-41,upload_ui,REGLEMENTAIRE,LOI,Art. 23,23,53,OBLIGATION,Les règlements peuvent arrêter les modes de fabrication.,TO_VALIDATE,0.6499999761581421,Art. 23 (p.3-3),Des règlements peuvent être pris pour arrêter les modes de fabrication.
a081cb3c-d614-4a26-856b-bf3c606c7909,Loi n° 96-41,upload_ui,REGLEMENTAIRE,LOI,Art. 23,23,54,OBLIGATION,Les règlements peuvent déterminer les catégories de matières et d'éléments qui s'ajoutent dans certaines fabrications pour faciliter les opérations de récupération et de valorisation.,TO_VALIDATE,0.6499999761581421,Art. 23 (p.3-3),Des règlements peuvent déterminer les catégories de matières et d'éléments qui s'ajoutent dans certaines fabrications pour faciliter les opérations de récupération et de valorisation.
a081cb3c-d614-4a26-856b-bf3c606c7909,Loi n° 96-41,upload_ui,REGLEMENTAIRE,LOI,Art. 23,23,55,OBLIGATION,Les règlements peuvent prévoir des incitations et des encouragements à certaines catégories de professionnels en vue de l'utilisation dans la fabrication d'un produit déterminé ou d'une catégorie.,TO_VALIDATE,0.8500000238418579,Art. 23 (p.3-3),"Dans un but de protection de l'environnment, les règlements visés à l'article 29 de la présente loi peuvent prévoir des incitations et des encouragements à certaines catégories de professionnels en vue de l'utilisation dans la fabrication d'un produit déterminé ou d'une catégo"
a081cb3c-d614-4a26-856b-bf3c606c7909,Loi n° 96-41,upload_ui,REGLEMENTAIRE,LOI,Art. 23,23,56,CONDITION,Les règlements peuvent interdire certains traitements et certaines formes de mélange et de jonctions avec d'autres matières.,DRAFT,0.8500000238418579,Art. 23 (p.3-3),Ces réglements peuvent interdire certains traitements et certaines formes de mélange et de jonctions avec d'autres matières.
a081cb3c-d614-4a26-856b-bf3c606c7909,Loi n° 96-41,upload_ui,REGLEMENTAIRE,LOI,Art. 24,24,57,OBLIGATION,"La gestion des déchets doit s'effectuer sans causer un danger pour la santé de l'Homme, sans utiliser des modes ou procédés nuisibles à l'environnement, sans provoquer des incommodités et sans porter atteinte aux paysages naturels et urbains.",DRAFT,0.8999999761581421,Art. 24 (p.3-3),"La gestion des déchets doit s'effectuer sans causer un danger quelconque pour la santé de l'Homme, sans utiliser des modes ou des procédés pouvant nuire à l'environnement et notamment l'eau, l'air, le sol et les espèces de faune et de flore, sans provoquer des incommodités par le bruit ou les odeurs ou autres et sans"
a081cb3c-d614-4a26-856b-bf3c606c7909,Loi n° 96-41,upload_ui,REGLEMENTAIRE,LOI,Art. 24,24,58,INTERDICTION,L'homme ne doit pas utiliser des modes ou des procédés pouvant nuire à l'environnement.,TO_VALIDATE,0.699999988079071,Art. 24 (p.3-3),"La gestion des déchets doit s'effectuer sans causer un danger quelconque pour la santé de l'Homme, sans utiliser des modes ou des procédés pouvant nuire à l'environnement et notamment l'eau."
a081cb3c-d614-4a26-856b-bf3c606c7909,Loi n° 96-41,upload_ui,REGLEMENTAIRE,LOI,Art. 25,25,59,OBLIGATION,Toute personne détenant des déchets est tenue de les livrer à un organisme public ou privé chargé de la collecte ou à un établissement effectuant des opérations d'élimination et de valorisation ou d'entreprendre elle-même ces opérations conformément aux conditions fixées par la présente loi.,DRAFT,0.8500000238418579,Art. 25 (p.3-3),"Toute personne détenant des déchets est tenue de les livrer, conformément aux modalités déterminées par les autorités compétentes, à un organisme public ou privé chargé de la collecte ou à un établissement effectuant des opérations d'élimination et de valorisation ou d'entreprendre par elle même ces opérations"
a081cb3c-d614-4a26-856b-bf3c606c7909,Loi n° 96-41,upload_ui,REGLEMENTAIRE,LOI,Art. 26,26,60,OBLIGATION,"Tout établissement ou entreprise assurant une ou plusieurs activités de collecte, de tri, de transport, de stockage, de traitement, de valorisation et d'élimination des déchets doit obtenir une autorisation préalable du Ministre chargé de l'Environnement.",TO_VALIDATE,0.550000011920929,Art. 26 (p.3-3),"Est soumis à autorisation préalable du Ministre chargé de l'Environnement tout établissement ou entreprise assurant une ou plusieurs activités de collecte, de tri, de transport, de stockage, de traitement, de valorisation et d'élimination des déchets ."
a081cb3c-d614-4a26-856b-bf3c606c7909,Loi n° 96-41,upload_ui,REGLEMENTAIRE,LOI,Art. 26,26,61,OBLIGATION,"L'autorisation délivrée par le Ministre chargé de l'Environnement doit indiquer les types et les quantités de déchets, les prescriptions techniques et les modes de traitement, de valorisation et d'élimination, les précautions devant être prises pour garantir les conditions de sécurité, ainsi que le site de collecte.",TO_VALIDATE,0.699999988079071,Art. 26 (p.3-3),"L'autorisation délivrée par le Ministre chargé de l'Environnement doit indiquer les types et les quantités de déchets, les prescriptions techniques et les modes de traitement, de valorisation et d'élimination, les précautions devant être prises pour garantir les conditions de sécurité, ainsi que le site de collecte."
a081cb3c-d614-4a26-856b-bf3c606c7909,Loi n° 96-41,upload_ui,REGLEMENTAIRE,LOI,Art. 26,26,62,OBLIGATION,L'autorisation n'est attribuée qu'après accomplissement des procédures d'approbation de l'étude d'impact.,TO_VALIDATE,0.8500000238418579,Art. 26 (p.3-3),"Cette autorisation n'est attribuée qu'après accomplissement des procédures d'approbation de l'étude d'impact, conformément aux réglements"
a081cb3c-d614-4a26-856b-bf3c606c7909,Loi n° 96-41,upload_ui,REGLEMENTAIRE,LOI,Art. 26,26,63,OBLIGATION,"L'autorisation doit indiquer les types et les quantités de déchets, les prescriptions techniques et les modes de traitement, de valorisation et d'élimination, les précautions devant être prises pour garantir les conditions de sécurité, le site de collecte, de tri, de stockage et d'élimination.",TO_VALIDATE,0.699999988079071,Art. 26 (p.3-3),"L'autorisation doit indiquer les types et les quantités de déchets, les prescriptions techniques et les modes de traitement, de valorisation et d'élimination, les précautions devant être prises pour garantir les conditions de sécurité, le site de collecte, de tri, de stockage et d'élimination."
a081cb3c-d614-4a26-856b-bf3c606c7909,Loi n° 96-41,upload_ui,REGLEMENTAIRE,LOI,Art. 26,26,64,OBLIGATION,"L'autorisation peut être attribuée pour une durée déterminée, renouvelable et assortie de conditions et d'obligations.",TO_VALIDATE,0.8500000238418579,Art. 26 (p.3-3),"L'autorisation peut être attribuée pour une durée déterminée, elle peut être renouvelable et assortie de conditions et d'obligations."
a081cb3c-d614-4a26-856b-bf3c606c7909,Loi n° 96-41,upload_ui,REGLEMENTAIRE,LOI,Art. 27,27,65,OBLIGATION,L'autorisation peut être attribuée une durée déterminée.,TO_VALIDATE,0.8500000238418579,Art. 27 (p.3-3),"L'autorisation peut être attribuée pour une durée déterminée, elle peut être renouvelable et assortie de conditions et d'obligations"
a081cb3c-d614-4a26-856b-bf3c606c7909,Loi n° 96-41,upload_ui,REGLEMENTAIRE,LOI,Art. 27,27,66,OBLIGATION,L'autorisation peut être renouvelable et être assortie de conditions et d'obligations.,TO_VALIDATE,0.8500000238418579,Art. 27 (p.3-3),"L'autorisation peut être attribuée pour une durée déterminée, elle peut être renouvelable et assortie de conditions et d'obligations"
a081cb3c-d614-4a26-856b-bf3c606c7909,Loi n° 96-41,upload_ui,REGLEMENTAIRE,LOI,Art. 31,31,67,OBLIGATION,"Les modes de gestion des catégories de déchets dangereux, dont la liste est fixée .",TO_VALIDATE,0.6499999761581421,Art. 31 (p.3-3),"Les modes de gestion des catégories de déchets dangereux, dont la liste est fixée ."
a081cb3c-d614-4a26-856b-bf3c606c7909,Loi n° 96-41,upload_ui,REGLEMENTAIRE,LOI,Art. 31,31,68,INTERDICTION,Les catégories de déchets dangereux ne peuvent pas être traitées en vue de leur élimination ou valorisation que dans les installations autorisées par les autorités compétentes.,TO_VALIDATE,0.8500000238418579,Art. 31 (p.3-3),Ces catégories de déchets ne peuvent être traitées en vue de leur élimination ou valorisation que dans les installations qui ont été autorisées par les autorités compétentes conformément aux dispositions de l'article 26 de la présente loi.
a081cb3c-d614-4a26-856b-bf3c606c7909,Loi n° 96-41,upload_ui,REGLEMENTAIRE,LOI,Art. 31,31,69,OBLIGATION,Les conditions et les modes de gestion de catégories particulières de déchets dangereux peuvent être fixés par des décrets pris sur proposition des ministres chargés de l'environnement et de la santé publique.,TO_VALIDATE,0.8500000238418579,Art. 31 (p.3-3),Les conditions et les modes de gestion de catégories particulières de ces déchets peuvent être fixés par des décrets pris sur proposition des ministres chargés de l'environnement et de la santé publique.
a081cb3c-d614-4a26-856b-bf3c606c7909,Loi n° 96-41,upload_ui,REGLEMENTAIRE,LOI,Art. 32,32,70,INTERDICTION,"Les établissements et les entreprises qui procèdent à l'élimination, à la valorisation, à la collecte et au transport des catégories de déchets visées à l'article 31 de la présente loi est interdit de mélanger différents types de déchets dangereux et mélanger des déchets dangereux avec des déchets non dangereux.",DRAFT,0.8999999761581421,Art. 32 (p.3-3),"Il est interdit aux établissements et aux entreprises qui procèdent à l'élimination, à la valorisation, à la collecte et au transport des catégories de déchets visées à l'article 31 de la présente loi de mélanger différents types de déchets dangereux et de mélanger des déchets dangereux avec des déchets non dangereux"
a081cb3c-d614-4a26-856b-bf3c606c7909,Loi n° 96-41,upload_ui,REGLEMENTAIRE,LOI,Art. 40,40,71,CONDITION,"L'autorisation du ministre chargé de l'environnement est attribuée uniquement si le respect des règles et des normes de conditionnement et d'étiquetage internationalement convenues est assuré, la présentation d'un contrat écrit entre l'exportateur et le centre d'élimination est faite, la présentation d'un contrat d'assurances présentant les garanties financières suffisantes est faite, et la présentation d'un document de mouvement signé par la personne chargée de l'opération de transport transfrontière est faite.",TO_VALIDATE,0.6499999761581421,Art. 40 (p.3-4),"L'autorisation du ministre chargé de l'environnement est attribuée uniquement si le respect des règles et des normes de conditionnement et d'étiquetage internationalement convenues est assuré, la présentation d'un contrat écrit entre l'exportateur et le centre d'élimination est faite, la présentation d'un contrat d'assurances présentant les garanties financières suffisantes est faite, et la présentation d'un document de mouvement signé par la personne chargée de l'opération de transport transfrontière est faite."
a081cb3c-d614-4a26-856b-bf3c606c7909,Loi n° 96-41,upload_ui,REGLEMENTAIRE,LOI,Art. 40,40,72,CONDITION,"Paragraphe précédent sont soumises à l'autorisation du ministre chargé de l'environnement. Cette autorisation n'est attribuée que si les conditions suivantes sont remplies : - le respect des règles et des normes de conditionnement et d'étiquetage internationalement convenues, - la présentation d'un contrat écrit entre l'exportateur et le centre d'élimination, - la présentation d'un contrat d'assurances présentant les garanties financières suffisantes, - la présentation d'un document de mouvement signé par la personne chargée de l'opération de transport transfrontière. L'autorisation de transit est assortie de l'apposition de scellés.",TO_VALIDATE,0.6499999761581421,Art. 40 (p.3-4),"Paragraphe précédent sont soumises à l'autorisation du ministre chargé de l'environnement. Cette autorisation n'est attribuée que si les conditions suivantes sont remplies : - le respect des règles et des normes de conditionnement et d'étiquetage internationalement convenues, - la présentation d'un contrat écrit entre l'exportateur et le centre d'élimination, - la présentation d'un contrat d'assurances présentant les garanties financières suffisantes, - la présentation d'un document de mouvement signé par la personne chargée de l'opération de transport transfrontière. L'autorisation de transit est assortie de l'apposition de scellés."
a081cb3c-d614-4a26-856b-bf3c606c7909,Loi n° 96-41,upload_ui,REGLEMENTAIRE,LOI,Art. 40,40,73,OBLIGATION,L'autorisation de transit est assortie de l'apposition de scellés sur les conteneurs à l'entrée du territoire national.,TO_VALIDATE,0.8500000238418579,Art. 40 (p.3-4),L'autorisation de transit est assortie de l'apposition de scellés sur les conteneurs à l'entrée du territoire national.
a081cb3c-d614-4a26-856b-bf3c606c7909,Loi n° 96-41,upload_ui,REGLEMENTAIRE,LOI,Art. 42,42,74,CONDITION,"Si des déchets ont été importés ou exportés d'une manière contraire aux dispositions de la présente loi ou aux règlements spéciaux, Les autorités compétentes enjoignent renvoyer les déchets au pays d'origine dans un délai imparti.",TO_VALIDATE,0.6499999761581421,Art. 42 (p.4-4),"Si des déchets ont été importés ou exportés d'une manière contraire aux dispositions de la présente loi ou aux règlements spéciaux visés dans l'article précédent, les autorités compétentes enjoignent à leur détenteur, leur transportateur ou leur producteur de les renvoyer au pays d'origine dans un délai qu'elle lui"
a081cb3c-d614-4a26-856b-bf3c606c7909,Loi n° 96-41,upload_ui,REGLEMENTAIRE,LOI,Art. 42,42,75,CONDITION,"Si le contrevenant ne s'exécute pas, Les autorités compétentes peuvent prendre toutes les mesures nécessaires pour assurer le renvoi des déchets aux frais des participants à l'opération.",TO_VALIDATE,0.8500000238418579,Art. 42 (p.4-4),"Si le contrevenant ne s'exécute pas, les autorités compétentes peuvent prendre toutes les mesures nécessaires pour assurer le renvoi de ces déchets aux frais des participants à l'opération."
a081cb3c-d614-4a26-856b-bf3c606c7909,Loi n° 96-41,upload_ui,REGLEMENTAIRE,LOI,Art. 43,43,76,CONDITION,"En cas de trafic illicite de déchets dangereux, Les producteurs de déchets dangereux, leurs distributeurs et, s'ils sont inconnus, leurs détenteurs incombe répondre de tout dommage causé par les déchets dangereux en cas de trafic illicite.",TO_VALIDATE,0.8999999761581421,Art. 43 (p.4-4),"En cas de trafic illicite de déchets dangereux, une responsabilité illimitée, collective et solidaire incombe aux producteurs de ces déchets, à leurs distributeurs et s'ils sont inconnus, à leurs détenteurs pour tout dommage causé par ces déchets."
a081cb3c-d614-4a26-856b-bf3c606c7909,Loi n° 96-41,upload_ui,REGLEMENTAIRE,LOI,Art. 43,43,77,CONDITION,"En cas de trafic illicite de déchets dangereux, une responsabilité illimitée, collective et solidaire incombe aux producteurs de ces déchets, à leurs distributeurs et s'ils sont inconnus, à leurs détenteurs pour tout dommage causé par ces déchets.",DRAFT,0.8999999761581421,Art. 43 (p.4-4),"En cas de trafic illicite de déchets dangereux, une responsabilité illimitée, collective et solidaire incombe aux producteurs de ces déchets, à leurs distributeurs et s'ils sont inconnus, à leurs détenteurs pour tout dommage causé par ces déchets."
a081cb3c-d614-4a26-856b-bf3c606c7909,Loi n° 96-41,upload_ui,REGLEMENTAIRE,LOI,Art. 44,44,78,CONDITION,"Respect des règles et des normes de conditionnement et d'étiquetage internationalement convenues, - la présentation d'un contrat écrit entre l'exportateur et le centre d'élimination, - la présentation d'un contrat d'assurances présentant les garanties financières suffisantes, - la présentation d'un document de mouvement signé par la personne chargée de l'opération de transport transfrontière. L'autorisation de transit est assortie de l'apposition de scellés sur les conteneurs à l'entrée du territoire national. - Des règlements spéciaux interdisant ou organisant l'importation, l'exportation et le transit d'autres catégories de déchets peuvent être pris, . - Si des déchets ont été importés ou exportés d'une manière contraire aux dispositions de la présente loi ou aux règlements spéciaux.",TO_VALIDATE,0.8500000238418579,Art. 44 (p.4-4),"Respect des règles et des normes de conditionnement et d'étiquetage internationalement convenues, - la présentation d'un contrat écrit entre l'exportateur et le centre d'élimination, - la présentation d'un contrat d'assurances présentant les garanties financières suffisantes, - la présentation d'un document de mouvement signé par la personne chargée de l'opération de transport transfrontière. L'autorisation de transit est assortie de l'apposition de scellés sur les conteneurs à l'entrée du territoire national. - Des règlements spéciaux interdisant ou organisant l'importation, l'exportation et le transit d'autres catégories de déchets peuvent être pris, . - Si des déchets ont été importés ou exportés d'une manière contraire aux dispositions de la présente loi ou aux règlements spéciaux."
a081cb3c-d614-4a26-856b-bf3c606c7909,Loi n° 96-41,upload_ui,REGLEMENTAIRE,LOI,Art. 44,44,79,CONDITION,"Les garanties financières suffisantes, - la présentation d'un document de mouvement signé par la personne chargée de l'opération de transport transfrontière. L'autorisation de transit est assortie de l'apposition de scellés sur les conteneurs à l'entrée du territoire national. - Des règlements spéciaux interdisant ou organisant l'importation, l'exportation et le transit d'autres catégories de déchets peuvent être pris, . - Si des déchets ont été importés ou exportés d'une manière contraire aux dispositions de la présente loi ou aux règlements spéciaux visés dans l'article précédent, les autorités compétentes enjoignent à leur détenteur, leur transportateur ou leur producteur de les renvoyer au p.",TO_VALIDATE,0.6499999761581421,Art. 44 (p.4-4),"Les garanties financières suffisantes, - la présentation d'un document de mouvement signé par la personne chargée de l'opération de transport transfrontière. L'autorisation de transit est assortie de l'apposition de scellés sur les conteneurs à l'entrée du territoire national. - Des règlements spéciaux interdisant ou organisant l'importation, l'exportation et le transit d'autres catégories de déchets peuvent être pris, . - Si des déchets ont été importés ou exportés d'une manière contraire aux dispositions de la présente loi ou aux règlements spéciaux visés dans l'article précédent, les autorités compétentes enjoignent à leur détenteur, leur transportateur ou leur producteur de les renvoyer au p."
a081cb3c-d614-4a26-856b-bf3c606c7909,Loi n° 96-41,upload_ui,REGLEMENTAIRE,LOI,Art. 44,44,80,CONDITION,"Si des déchets ont été importés ou exportés d'une manière contraire aux dispositions de la présente loi ou aux règlements spéciaux, les dispositions applicables doivent être appliquées.",TO_VALIDATE,0.75,Art. 44 (p.4-4),Si des déchets ont été importés ou exportés d'une manière contraire aux dispositions de la présente loi ou aux règlements spéciaux
a081cb3c-d614-4a26-856b-bf3c606c7909,Loi n° 96-41,upload_ui,REGLEMENTAIRE,LOI,Art. 44,44,81,CONDITION,"En cas de trafic illicite de déchets dangereux, Les producteurs, les distributeurs et, s'ils sont inconnus, les détenteurs de déchets dangereux incombe une responsabilité illimitée, collective et solidaire pour tout dommage causé par ces déchets.",DRAFT,0.8999999761581421,Art. 44 (p.4-4),"En cas de trafic illicite de déchets dangereux, une responsabilité illimitée, collective et solidaire incombe aux producteurs de ces déchets, à leurs distributeurs et s'ils sont inconnus, à leurs détenteurs pour tout dommage causé par ces déchets."
a081cb3c-d614-4a26-856b-bf3c606c7909,Loi n° 96-41,upload_ui,REGLEMENTAIRE,LOI,Art. 44,44,82,DECLARATION,"Tout mouvement transfrontière de déchets dangereux est considéré comme trafic illicite s'il est effectué sans notification, sans consentement ou avec des documents falsifiés ou faux.",TO_VALIDATE,0.6499999761581421,Art. 44 (p.4-4),"Tout mouvement transfrontière de déchets dangereux est considéré comme trafic illicite s'il est effectué sans notification, sans consentement ou avec des documents falsifiés ou faux."
a081cb3c-d614-4a26-856b-bf3c606c7909,Loi n° 96-41,upload_ui,REGLEMENTAIRE,LOI,Art. 44,44,83,CONDITION,"En cas de trafic illicite de déchets dangereux, Les producteurs, distributeurs et détenteurs inconnus de déchets dangereux répondent de tout dommage causé par un trafic illicite de déchets dangereux.",TO_VALIDATE,0.5,Art. 44 (p.4-4),"En cas de trafic illicite de déchets dangereux, une responsabilité illimitée, collective et solidaire incombe aux producteurs de ces déchets, à leurs distributeurs et s'ils sont inconnus, à leurs détenteurs pour tout dommage causé par ces déchets."
a081cb3c-d614-4a26-856b-bf3c606c7909,Loi n° 96-41,upload_ui,REGLEMENTAIRE,LOI,Art. 33,33,84,DECLARATION,"Tout mouvement transfrontière de déchets dangereux effectué sans notification aux Etats concernés, sans obtention de leur consentement, avec des documents falsifiés ou fondés sur de fausses informations, ou aboutissant au rejet délibéré de ces déchets d'une manière contraire est considéré comme trafic illicite.",TO_VALIDATE,0.6499999761581421,Art. 33 (p.4-4),"Est considéré comme trafic illicite tout mouvement transfrontière de déchets dangereux effectué sans qu'une notification ait été donnée aux Etats concernés, ou sans obtention de leur consentement, ou avec des documents falsifiés ou fondés sur de fausses informations ou qui aboutit au rejet délibéré de ces déchets d'une manière contraire"
a081cb3c-d614-4a26-856b-bf3c606c7909,Loi n° 96-41,upload_ui,REGLEMENTAIRE,LOI,Art. 34,34,85,REGISTRE,Un registre spécifique aux déchets dangereux est tenu et conservé pendant une période de dix ans.,TO_VALIDATE,0.8500000238418579,Art. 34 (p.4-4),Un registre spécifique aux déchets dangereux est tenu et conservé pendant une periode de dix ans.
a081cb3c-d614-4a26-856b-bf3c606c7909,Loi n° 96-41,upload_ui,REGLEMENTAIRE,LOI,Art. 34,34,86,REGISTRE,Les documents certifiant l'exécution des opérations de gestion sont conservés.,TO_VALIDATE,0.550000011920929,Art. 34 (p.4-4),Les documents certifiant l'exécution des opérations de gestion sont aussi conservés pendant la même periode.
a081cb3c-d614-4a26-856b-bf3c606c7909,Loi n° 96-41,upload_ui,REGLEMENTAIRE,LOI,Art. 34,34,87,REGISTRE,Les documents certifiant l'exécution des opérations de gestion sont présentés pendant la même période et à toute réquisition.,TO_VALIDATE,0.75,Art. 34 (p.4-4),Les documents certifiant l'exécution des opérations de gestion sont aussi conservés pendant la même periode et sont présentés à toute réquisition des autorités compétentes.
a081cb3c-d614-4a26-856b-bf3c606c7909,Loi n° 96-41,upload_ui,REGLEMENTAIRE,LOI,Art. 34,34,88,REGISTRE,La période de conservation du registre spécifique aux déchets dangereux peut être prolongée par les règlements fixant les modalités de gestion de certaines catégories de déchets dangereux.,DRAFT,0.8500000238418579,Art. 34 (p.4-4),Cette période peut être prolongée par les règlements fixant les modalités de gestion de certaines catégories de déchets dangereux.
a081cb3c-d614-4a26-856b-bf3c606c7909,Loi n° 96-41,upload_ui,REGLEMENTAIRE,LOI,Art. 34,34,89,REGISTRE,Le registre spécifique aux déchets dangereux doit être tenu et conservé pendant une période de dix ans.,DRAFT,0.8999999761581421,Art. 34 (p.4-4),Un registre spécifique aux déchets dangereux est tenu et conservé pendant une periode de dix ans. Cette période peut être prolongée par les règlements fixant les modalités de gestion de certaines catégories de déchets dangereux. Les documents certifiant l'exécution des
a081cb3c-d614-4a26-856b-bf3c606c7909,Loi n° 96-41,upload_ui,REGLEMENTAIRE,LOI,Art. 34,34,90,DECLARATION,"Les établissements et entreprises qui produisent, transportent ou gèrent les catégories de déchets visées à l'article 31 de la présente loi sont tenus de communiquer chaque année au ministère chargé de l'environnement toutes les informations sur les déchets qu'ils produisent.",DRAFT,0.8999999761581421,Art. 34 (p.4-4),"Les établissements et entreprises qui produisent, transportent ou gèrent les catégories de déchets visées à l'article 31 de la présente loi sont tenus de communiquer chaque année au ministère chargé de l'environnement toutes les informations sur les déchets qu'ils produisent"
a081cb3c-d614-4a26-856b-bf3c606c7909,Loi n° 96-41,upload_ui,REGLEMENTAIRE,LOI,Art. 34,34,91,DECLARATION,Les documents certifiant l'exécution des opérations de gestion sont conservés pendant la même période.,TO_VALIDATE,0.550000011920929,Art. 34 (p.4-4),Les documents certifiant l'exécution des opérations de gestion sont aussi conservés pendant la même periode.
a081cb3c-d614-4a26-856b-bf3c606c7909,Loi n° 96-41,upload_ui,REGLEMENTAIRE,LOI,Art. 34,34,92,DECLARATION,Les documents certifiant l'exécution des opérations de gestion sont présentés à toute réquisition des autorités compétentes.,TO_VALIDATE,0.6499999761581421,Art. 34 (p.4-4),Les documents certifiant l'exécution des opérations de gestion sont présentés à toute réquisition des autorités compétentes.
a081cb3c-d614-4a26-856b-bf3c606c7909,Loi n° 96-41,upload_ui,REGLEMENTAIRE,LOI,Art. 36,36,93,OBLIGATION,"Les déchets dangereux doivent être emballés et étiquetés conformément aux normes en vigueur, au cours des opérations de collecte, de transport et de stockage.",DRAFT,0.8999999761581421,Art. 36 (p.4-4),"Au cours des opérations de collecte, de transport et de stockage, les déchets dangereux doivent être emballés et étiquetés conformément aux normes en vigueur."
a081cb3c-d614-4a26-856b-bf3c606c7909,Loi n° 96-41,upload_ui,REGLEMENTAIRE,LOI,Art. 36,36,94,OBLIGATION,"Les autorités compétentes en matière de protection de l'environnement peuvent effectuer des opérations d'inspection régulières ou inopinées des lieux de stockage, des entreprises et des cargaisons.",TO_VALIDATE,0.8500000238418579,Art. 36 (p.4-4),"Les autorités compétentes en matière de protection de l'environnement peuvent effectuer des opérations d'inspection régulières ou inopinées des lieux de stockage, des entreprises et des cargaisons, comme elles peuvent saisir les cargaisons contrevenant aux régles fixées par la p"
a081cb3c-d614-4a26-856b-bf3c606c7909,Loi n° 96-41,upload_ui,REGLEMENTAIRE,LOI,Art. 36,36,95,OBLIGATION,Les autorités compétentes en matière de protection de l'environnement peuvent saisir les cargaisons contrevenant aux règles fixées.,TO_VALIDATE,0.8500000238418579,Art. 36 (p.4-4),"Les autorités compétentes en matière de protection de l'environnement peuvent effectuer des opérations d'inspection régulières ou inopinées des lieux de stockage, des entreprises et des cargaisons, comme elles peuvent saisir les cargaisons contrevenant aux régles fixées par la p"
a081cb3c-d614-4a26-856b-bf3c606c7909,Loi n° 96-41,upload_ui,REGLEMENTAIRE,LOI,Art. 37,37,96,OBLIGATION,Le ministère chargé de l'environnement doit élaborer un plan ou des plans de gestion des déchets non ménagers et des plans de gestion des déchets dangereux.,TO_VALIDATE,0.75,Art. 37 (p.4-4),Le ministère chargé de l'environnement élabore en collaboration avec les parties concernées un plan ou des plans de gestion des déchets non ménagers et des plans de gestion des déchets dangereux.
a081cb3c-d614-4a26-856b-bf3c606c7909,Loi n° 96-41,upload_ui,REGLEMENTAIRE,LOI,Art. 37,37,97,OBLIGATION,"Ces plans doivent déterminer les types, les quantités et l'origine des déchets destinés à l'élimination ou à la valorisation, les exigences techniques générales et spécifiques, ainsi que les sites et les installations appropriés pour l'élimination.",TO_VALIDATE,0.75,Art. 37 (p.4-4),"Ces plans déterminent les types, les quantités et l'origine des déchets destinés à l'élimination ou à la valorisation, les exigences techniques générales et spécifiques, les sites et les installations appropriés pour l'élimination."
a081cb3c-d614-4a26-856b-bf3c606c7909,Loi n° 96-41,upload_ui,REGLEMENTAIRE,LOI,Art. 37,37,98,EXCEPTION,"Ces plans peuvent indiquer les parties habilitées à gérer les déchets, les estimations du coût des opérations de valorisation et les procédures visant à encourager la rationalisation des opérations de collecte, de tri et de traitement des déchets.",TO_VALIDATE,0.6499999761581421,Art. 37 (p.4-4),"Ces plans peuvent indiquer les parties habilitées à gérer les déchets, les estimations du coût des opérations de valorisation et les procédures visant à encourager la rationalisation des opérations de collecte, de tri et de traitement des déchets ."
a081cb3c-d614-4a26-856b-bf3c606c7909,Loi n° 96-41,upload_ui,REGLEMENTAIRE,LOI,Art. 38,38,99,AUTRE,"Ces plans peuvent indiquer les parties habilitées à gérer les déchets, les estimations du coût des opérations de valorisation et les procédures visant à encourager la rationalisation des opérations de collecte, de tri et de traitement des déchets.",TO_VALIDATE,0.800000011920929,Art. 38 (p.4-4),"Ces plans peuvent indiquer les parties habilitées à gérer les déchets, les estimations du coût des opérations de valorisation et les procédures visant à encourager la rationalisation des opérations de collecte, de tri et de traitement des déchets"
a081cb3c-d614-4a26-856b-bf3c606c7909,Loi n° 96-41,upload_ui,REGLEMENTAIRE,LOI,Art. 45,45,100,CONTROLE,Les agents et experts-contrôleurs sont habilités à exercer les fonctions de police judiciaire.,TO_VALIDATE,0.6499999761581421,Art. 45 (p.4-5),Les agents et experts-contrôleurs sont habilités à exercer les fonctions de police judiciaire.
a081cb3c-d614-4a26-856b-bf3c606c7909,Loi n° 96-41,upload_ui,REGLEMENTAIRE,LOI,Art. 45,45,101,CONTROLE,Les agents et experts-contrôleurs sont habilités à entreprendre les enquêtes.,TO_VALIDATE,0.6499999761581421,Art. 45 (p.4-5),Les agents et experts-contrôleurs sont habilités à entreprendre les enquêtes.
a081cb3c-d614-4a26-856b-bf3c606c7909,Loi n° 96-41,upload_ui,REGLEMENTAIRE,LOI,Art. 45,45,102,CONTROLE,Les agents et experts-contrôleurs sont habilités à prélever les échantillons pour effectuer les analyses nécessaires.,TO_VALIDATE,0.8500000238418579,Art. 45 (p.4-5),Les agents et experts-contrôleurs sont habilités à prélever les échantillons pour effectuer les analyses nécessaires.
a081cb3c-d614-4a26-856b-bf3c606c7909,Loi n° 96-41,upload_ui,REGLEMENTAIRE,LOI,Art. 39,39,103,INTERDICTION,L'importation des déchets dangereux visés à l'article 31 de la présente loi est strictement interdite.,DRAFT,0.8999999761581421,Art. 39 (p.4-5),L'importation des déchets dangereux visés à l'article 31 de la présente loi est strictement interdite.
a081cb3c-d614-4a26-856b-bf3c606c7909,Loi n° 96-41,upload_ui,REGLEMENTAIRE,LOI,Art. 50,50,104,RESPONSABILITE,"Toute personne est punie d'un emprisonnement de deux mois à deux ans et d'une amende de 100 à 50 000 dinars ou de l'une de ces deux peines seulement, ayant délibérément éliminé des déchets dans des installations n'ayant pas obtenu l'autorisation visée à l'article 26.",TO_VALIDATE,0.6499999761581421,Art. 50 (p.5-5),"50. 000 dinars, selon la gravité de l'infraction. - Est puni d'un emprisonnement de deux mois à deux ans et d'une amende d'un montant de 100 à 50.000 dinars ou de l'une de ces deux peines seulement : d'établissements et d'entreprises agrées pour gérer cette catégorie de déchets, - toute personne ayant délibèrement"
a081cb3c-d614-4a26-856b-bf3c606c7909,Loi n° 96-41,upload_ui,REGLEMENTAIRE,LOI,Art. 50,50,105,INTERDICTION,Toute personne est interdite de éliminer des déchets dans des installations non autorisées.,TO_VALIDATE,0.75,Art. 50 (p.5-5),Toute personne est interdite de éliminer des déchets dans des installations non autorisées.
a081cb3c-d614-4a26-856b-bf3c606c7909,Loi n° 96-41,upload_ui,REGLEMENTAIRE,LOI,Art. 50,50,106,INTERDICTION,Toute personne est interdite de contrevenir aux dispositions des articles 13 et 14.,TO_VALIDATE,0.75,Art. 50 (p.5-5),Toute personne est interdite de contrevenir aux dispositions des articles 13 et 14.
a081cb3c-d614-4a26-856b-bf3c606c7909,Loi n° 96-41,upload_ui,REGLEMENTAIRE,LOI,Art. 50,50,107,DECLARATION,"Toute personne est punie d'un emprisonnement de deux mois à deux ans et d'une amende d'un montant de 100 à 50 000 dinars ou de l'une de ces deux peines seulement, en cas d'infraction à la loi.",TO_VALIDATE,0.6499999761581421,Art. 50 (p.5-5),Est puni d'un emprisonnement de deux mois à deux ans et d'une amende d'un montant de 100 à 50.000 dinars ou de l'une de ces deux peines seulement
a081cb3c-d614-4a26-856b-bf3c606c7909,Loi n° 96-41,upload_ui,REGLEMENTAIRE,LOI,Art. 50,50,108,CONDITION,Toute personne est punie si elle a délibérément éliminé des déchets dans des installations n'ayant pas obtenu l'autorisation visée à l'article 26 de la présente loi.,TO_VALIDATE,0.8500000238418579,Art. 50 (p.5-5),Toute personne est punie si elle a délibérément éliminé des déchets dans des installations n'ayant pas obtenu l'autorisation visée à l'article 26 de la présente loi.
a081cb3c-d614-4a26-856b-bf3c606c7909,Loi n° 96-41,upload_ui,REGLEMENTAIRE,LOI,Art. 50,50,109,DECLARATION,Toute personne est punie d'avoir délibérément contrevenu aux dispositions des articles 13 et 14.,TO_VALIDATE,0.8500000238418579,Art. 50 (p.5-5),Toute personne est punie d'avoir délibérément contrevenu aux dispositions des articles 13 et 14.
a081cb3c-d614-4a26-856b-bf3c606c7909,Loi n° 96-41,upload_ui,REGLEMENTAIRE,LOI,Art. 50,50,110,DECLARATION,"Toute personne est punie de ne pas avoir fait parvenir les informations exigées ou d'avoir fourni des informations erronées, informations exigées dans l'article 34 de la présente loi.",TO_VALIDATE,0.8500000238418579,Art. 50 (p.5-5),"Toute personne est punie de ne pas avoir fait parvenir les informations exigées ou d'avoir fourni des informations erronées, informations exigées dans l'article 34 de la présente loi."
a081cb3c-d614-4a26-856b-bf3c606c7909,Loi n° 96-41,upload_ui,REGLEMENTAIRE,LOI,Art. 50,50,111,RESPONSABILITE,Toute personne est responsable d'avoir délibérément éliminé des déchets dans des installations n'ayant pas obtenu l'autorisation visée à l'article 26 de la présente loi.,TO_VALIDATE,0.8999999761581421,Art. 50 (p.5-5),Toute personne est responsable d'avoir délibérément éliminé des déchets dans des installations n'ayant pas obtenu l'autorisation visée à l'article 26 de la présente loi.
a081cb3c-d614-4a26-856b-bf3c606c7909,Loi n° 96-41,upload_ui,REGLEMENTAIRE,LOI,Art. 50,50,112,RESPONSABILITE,Toute personne est responsable d'avoir délibérément contrevenu aux dispositions des articles 13 et 14.,TO_VALIDATE,0.8999999761581421,Art. 50 (p.5-5),Toute personne est responsable d'avoir délibérément contrevenu aux dispositions des articles 13 et 14.
a081cb3c-d614-4a26-856b-bf3c606c7909,Loi n° 96-41,upload_ui,REGLEMENTAIRE,LOI,Art. 50,50,113,RESPONSABILITE,Toute personne est responsable de ne pas avoir fait parvenir les informations exigées dans l'article 34 de la présente loi à l'administration ou d'avoir fourni des informations erronées.,TO_VALIDATE,0.75,Art. 50 (p.5-5),Toute personne est responsable de ne pas avoir fait parvenir les informations exigées dans l'article 34 de la présente loi à l'administration ou d'avoir fourni des informations erronées.
a081cb3c-d614-4a26-856b-bf3c606c7909,Loi n° 96-41,upload_ui,REGLEMENTAIRE,LOI,Art. 50,50,114,RESPONSABILITE,Toute personne est responsable avoir délibérément éliminé des déchets dans des installations non autorisées.,TO_VALIDATE,0.8999999761581421,Art. 50 (p.5-5),Toute personne est responsable avoir délibérément éliminé des déchets dans des installations non autorisées.
a081cb3c-d614-4a26-856b-bf3c606c7909,Loi n° 96-41,upload_ui,REGLEMENTAIRE,LOI,Art. 50,50,115,INTERDICTION,Toute personne ne doit pas délibérément contrevenir aux dispositions des articles 13 et 14 de la présente loi.,TO_VALIDATE,0.75,Art. 50 (p.5-5),Toute personne ne doit pas délibérément contrevenir aux dispositions des articles 13 et 14 de la présente loi.
a081cb3c-d614-4a26-856b-bf3c606c7909,Loi n° 96-41,upload_ui,REGLEMENTAIRE,LOI,Art. 50,50,116,DECLARATION,Toute personne doit faire parvenir les informations exigées dans l'article 34 de la présente loi à l'administration.,TO_VALIDATE,0.75,Art. 50 (p.5-5),"26 de la présente loi, - toute personne ayant délibèrement contrevenu aux dispositions des articles 13 et 14, - toute personne n'ayant pas fait parvenir les informations exigées dans l'article 34 de la présente loi à l'administration ou ayant fournit des informations erronées"
a081cb3c-d614-4a26-856b-bf3c606c7909,Loi n° 96-41,upload_ui,REGLEMENTAIRE,LOI,Art. 50,50,117,INTERDICTION,Toute personne ne doit pas fournir des informations erronées à l'administration conformément à l'article 34 de la présente loi.,TO_VALIDATE,0.75,Art. 50 (p.5-5),"26 de la présente loi, - toute personne ayant délibèrement contrevenu aux dispositions des articles 13 et 14, - toute personne n'ayant pas fait parvenir les informations exigées dans l'article 34 de la présente loi à l'administration ou ayant fournit des informations erronées"
a081cb3c-d614-4a26-856b-bf3c606c7909,Loi n° 96-41,upload_ui,REGLEMENTAIRE,LOI,Art. 50,50,118,INTERDICTION,"Toute personne ne doit pas délibérément contrevenir aux conditions relatives au conditionnement, au transport et à l'étiquetage de déchets dangereux citées dans l'article 36 de la présente loi.",TO_VALIDATE,0.75,Art. 50 (p.5-5),"26 de la présente loi, - toute personne ayant délibèrement contrevenu aux dispositions des articles 13 et 14, - toute personne n'ayant pas fait parvenir les informations exigées dans l'article 34 de la présente loi à l'administration ou ayant fournit des"
a081cb3c-d614-4a26-856b-bf3c606c7909,Loi n° 96-41,upload_ui,REGLEMENTAIRE,LOI,Art. 50,50,119,INTERDICTION,Toute personne ne doit pas délibérément contrevenir aux règlements relatifs à la limitation de la production de déchets dangereux mentionnés dans l'article 38 de la présente loi.,TO_VALIDATE,0.75,Art. 50 (p.5-5),"26 de la présente loi, - toute personne ayant délibèrement contrevenu aux dispositions des articles 13 et 14, - toute personne n'ayant pas fait parvenir les informations exigées dans l'article 34 de la présente loi à"
a081cb3c-d614-4a26-856b-bf3c606c7909,Loi n° 96-41,upload_ui,REGLEMENTAIRE,LOI,Art. 50,50,120,RESPONSABILITE,"Toute personne est responsable en cas de contravention aux conditions relatives au conditionnement, au transport et à l'étiquetage de déchets dangereux.",TO_VALIDATE,0.8999999761581421,Art. 50 (p.5-5),"Toute personne est responsable en cas de contravention aux conditions relatives au conditionnement, au transport et à l'étiquetage de déchets dangereux."
a081cb3c-d614-4a26-856b-bf3c606c7909,Loi n° 96-41,upload_ui,REGLEMENTAIRE,LOI,Art. 50,50,121,RESPONSABILITE,Toute personne est responsable en cas de contravention aux règlements relatifs à la limitation de la production de déchets dangereux.,TO_VALIDATE,0.8999999761581421,Art. 50 (p.5-5),Toute personne est responsable en cas de contravention aux règlements relatifs à la limitation de la production de déchets dangereux.
a081cb3c-d614-4a26-856b-bf3c606c7909,Loi n° 96-41,upload_ui,REGLEMENTAIRE,LOI,Art. 50,50,122,RESPONSABILITE,Toute personne est responsable en cas de contravention aux règlements mentionnés dans l'article 41 de la présente loi.,TO_VALIDATE,0.8999999761581421,Art. 50 (p.5-5),Toute personne est responsable en cas de contravention aux règlements mentionnés dans l'article 41 de la présente loi.
a081cb3c-d614-4a26-856b-bf3c606c7909,Loi n° 96-41,upload_ui,REGLEMENTAIRE,LOI,Art. 47,47,123,RESPONSABILITE,Toute personne ayant délibérément éliminé des déchets dans des installations n'ayant pas obtenu l'autorisation visée à l'article 26 est punie d'un emprisonnement de deux mois à deux ans et d'une amende de 100 à 50 000 dinars ou de l'une de ces deux peines seulement.,TO_VALIDATE,0.6499999761581421,Art. 47 (p.5-5),"Est puni d'un emprisonnement de deux mois à deux ans et d'une amende d'un montant de 100 à 50.000 dinars ou de l'une de ces deux peines seulement : d'établissements et d'entreprises agrées pour gérer cette catégorie de déchets, - toute personne ayant délibèrement éliminé des déchets dans des installations n'ayant pas"
a081cb3c-d614-4a26-856b-bf3c606c7909,Loi n° 96-41,upload_ui,REGLEMENTAIRE,LOI,Art. 48,48,124,RESPONSABILITE,"Les infractions aux dispositions des articles 31, 32, 35, 39, 40, et 42 relatifs aux déchets dangereux sont punies d'une peine d'emprisonnement d'un mois à cinq ans et d'une amende d'un montant de 10.000 à 500.000 dinars.",TO_VALIDATE,0.6499999761581421,Art. 48 (p.5-5),"Les infractions aux dispositions des articles 31, 32, 35, 39, 40, et 42 relatifs aux déchets dangereux sont punies d'une peine d'emprisonnement d'un mois à cinq ans et d'une amende d'un montant de 10.000 à 500.000 dinars."
a081cb3c-d614-4a26-856b-bf3c606c7909,Loi n° 96-41,upload_ui,REGLEMENTAIRE,LOI,Art. 49,49,125,RESPONSABILITE,Les contrevenants sont punis d'un emprisonnement de deux mois à deux ans et d'une amende d'un montant de 100 à 50 000 dinars ou de l'une de ces deux peines seulement.,TO_VALIDATE,0.6499999761581421,Art. 49 (p.5-5),Est puni d'un emprisonnement de deux mois à deux ans et d'une amende d'un montant de 100 à 50.000 dinars ou de l'une de ces deux peines seulement
a081cb3c-d614-4a26-856b-bf3c606c7909,Loi n° 96-41,upload_ui,REGLEMENTAIRE,LOI,Art. 49,49,126,RESPONSABILITE,Toute personne est punie d'une amende d'un montant de 100 à 50 000 dinars selon la gravité de l'infraction.,TO_VALIDATE,0.6499999761581421,Art. 49 (p.5-5),"Les infractions aux dispositions des articles 5, 7, 11, 12, 15, 27, 28, 29 et 33 de la présente loi et des textes pris pour leur application sont punis d'une amende d'un montant de 100 à 50.000 dinars, selon la gravité de l'infraction."
a081cb3c-d614-4a26-856b-bf3c606c7909,Loi n° 96-41,upload_ui,REGLEMENTAIRE,LOI,Art. 49,49,127,RESPONSABILITE,"Toute personne est punie d'un emprisonnement de deux mois à deux ans et d'une amende d'un montant de 100 à 50 000 dinars ou de l'une de ces deux peines seulement, ayant délibérément éliminé des déchets dans des établissements et entreprises agréés pour gérer cette catégorie de déchets.",TO_VALIDATE,0.6499999761581421,Art. 49 (p.5-5),"Les infractions aux dispositions des articles 5, 7, 11, 12, 15, 27, 28, 29 et 33 de la présente loi et des textes pris pour leur application sont punis d'une amende d'un montant de 100 à 50.000 dinars, selon la gravité de l'infraction. - Est puni d'un emprisonnement de deux mois à deux ans et d'une amende d'un montant"
a081cb3c-d614-4a26-856b-bf3c606c7909,Loi n° 96-41,upload_ui,REGLEMENTAIRE,LOI,Art. 49,49,128,CONDITION,"Lorsque l'auteur de l'infraction est une personne morale, elle est condamnée aux peines pécuniaires prévues par la présente loi.",TO_VALIDATE,0.8999999761581421,Art. 49 (p.5-5),"Lorsque l'auteur de l'infraction est une personne morale, elle sera condamnée aux peines pécuniaires prévues par la présente loi Le Tribunal peut prononcer les peines prévues par la présente"
a081cb3c-d614-4a26-856b-bf3c606c7909,Loi n° 96-41,upload_ui,REGLEMENTAIRE,LOI,Art. 50,50,129,CONDITION,"En cas de poursuites ou de condamnation pour l'une des infractions visées à l'article 48 de la présente loi, Le tribunal compétent peut prononcer la suspension de l'activité ayant causé les dommages jusqu'à la mise en place des équipements ou des réparations nécessaires pour mettre fin à la pollution.",TO_VALIDATE,0.699999988079071,Art. 50 (p.5-5),"En cas de poursuites ou de condamnation pour l'une des infractions visées à l'article 48 de la présente loi, le tribunal compétent peut prononcer la suspension de l'activité ayant causé les dommages jusqu'à la mise en place des équipements ou des réparations nécessaires pour mettre fin à la pollution ."
a081cb3c-d614-4a26-856b-bf3c606c7909,Loi n° 96-41,upload_ui,REGLEMENTAIRE,LOI,Art. 50,50,130,CONDITION,"En cas de condamnation pour l'une des infractions visées à l'article 48 de la présente loi, Le tribunal peut ordonner la publication dans deux quotidiens de tout le texte ou d'extraits des jugements de condamnation aux frais du contrevenant.",TO_VALIDATE,0.8999999761581421,Art. 50 (p.5-5),"Le tribunal peut en cas de condamnation pour l'une des infractions visées à l'article 48 de la présente loi, ordonner la publication dans deux quotidiens de tout le texte ou d'extraits des jugements de condamnation, aux frais du contrevenant."
a081cb3c-d614-4a26-856b-bf3c606c7909,Loi n° 96-41,upload_ui,REGLEMENTAIRE,LOI,Art. 51,51,131,CONDITION,Le tribunal peut ordonner la publication dans deux quotidiens de tout le texte ou d'extraits des jugements de condamnation aux frais du contrevenant en cas de condamnation pour l'une des infractions visées à l'article 48 de la présente loi.,DRAFT,0.8999999761581421,Art. 51 (p.5-5),"Le tribunal peut en cas de condamnation pour l'une des infractions visées à l'article 48 de la présente loi, ordonner la publication dans deux quotidiens de tout le texte ou d'extraits des jugements de condamnation, aux frais du contrevenant."
